Brand Name,Name of the Product,Price,Return/Exchange,Expected Delivery,Availability,Product URL
LG,"LG 8 Kg 5 Star Inverter TurboDrum Fully Automatic Top Loading Washing Machine (T80SKSF1Z, Waterfall Circulation, Digital Display, Middle Free Silver)","₹18,990",-,"FREE delivery as soon as Thu, 18 Apr, 7 am - 3 pm",Available,https://www.amazon.in/sspa/click?ie=UTF8&spc=MTo4NTYzMTU5ODgyODU1MTA2OjE3MTMyNjY5MzI6c3BfYXRmOjIwMTI2ODg4ODM3Njk4OjowOjo&url=%2FLG-Inverter-Fully-Automatic-T80SKSF1Z-Turbodrum%2Fdp%2FB0BF5RGZ8V%2Fref%3Dsr_1_1_sspa%3Fdib%3DeyJ2IjoiMSJ9.eaoHO_d6MVkG2089kYyEuwgEk5u4C8OqQXrm6QAvGTbZjvZr4cn6KgMOgtpMMKmiQETMN2py7TDGhqPV1QfieFI-938ezqZdB7l2jLSbb46ZuWVTybJc9o3v-H1qlyNfzjawTbru0MMmF1s4H3R6Gih2rVB-WhZM4iyVpO3rChlOU98gzeFpI4zddhi1_4iJ7bF0kfSn2FVA-QZ0ZFBKHK0pd2LmRaTcOobNe27RER4.CWuLjkObOUE0gSKOUfCAehueluwxLeXOOTTywWLgH5g%26dib_tag%3Dse%26keywords%3Dwashing%2Bmachine%2Bfully%2Bautomatic%26qid%3D1713266932%26sr%3D8-1-spons%26sp_csd%3Dd2lkZ2V0TmFtZT1zcF9hdGY%26psc%3D1
LG,"LG 7 Kg 5 Star Inverter Touch panel Fully-Automatic Front Load Washing Machine with In-Built Heater (FHM1207SDM, Middle Black, Steam for Hygiene Wash)","₹28,990",-,"FREE delivery as soon as Thu, 18 Apr, 7 am - 3 pm",Available,https://www.amazon.in/sspa/click?ie=UTF8&spc=MTo4NTYzMTU5ODgyODU1MTA2OjE3MTMyNjY5MzI6c3BfYXRmOjIwMTI2ODg4ODM5Mjk4OjowOjo&url=%2FLG-Inverter-Fully-Automatic-Washing-FHM1207SDM%2Fdp%2FB0BMGD9Y2X%2Fref%3Dsr_1_2_sspa%3Fdib%3DeyJ2IjoiMSJ9.eaoHO_d6MVkG2089kYyEuwgEk5u4C8OqQXrm6QAvGTbZjvZr4cn6KgMOgtpMMKmiQETMN2py7TDGhqPV1QfieFI-938ezqZdB7l2jLSbb46ZuWVTybJc9o3v-H1qlyNfzjawTbru0MMmF1s4H3R6Gih2rVB-WhZM4iyVpO3rChlOU98gzeFpI4zddhi1_4iJ7bF0kfSn2FVA-QZ0ZFBKHK0pd2LmRaTcOobNe27RER4.CWuLjkObOUE0gSKOUfCAehueluwxLeXOOTTywWLgH5g%26dib_tag%3Dse%26keywords%3Dwashing%2Bmachine%2Bfully%2Bautomatic%26qid%3D1713266932%26sr%3D8-2-spons%26sp_csd%3Dd2lkZ2V0TmFtZT1zcF9hdGY%26psc%3D1
LG,"LG 6.5 Kg 5 Star Inverter Turbodrum Fully Automatic Top Loading Washing Machine (T65SKSF4Z, 3 Smart Motion, Tub Clean, Middle Free Silver)","₹16,490",-,"FREE delivery as soon as Thu, 18 Apr, 7 am - 3 pm",Available,https://www.amazon.in/LG-Inverter-Fully-Automatic-Loading-T65SKSF4Z/dp/B084LF24Z8/ref=sr_1_3?dib=eyJ2IjoiMSJ9.eaoHO_d6MVkG2089kYyEuwgEk5u4C8OqQXrm6QAvGTbZjvZr4cn6KgMOgtpMMKmiQETMN2py7TDGhqPV1QfieFI-938ezqZdB7l2jLSbb46ZuWVTybJc9o3v-H1qlyNfzjawTbru0MMmF1s4H3R6Gih2rVB-WhZM4iyVpO3rChlOU98gzeFpI4zddhi1_4iJ7bF0kfSn2FVA-QZ0ZFBKHK0pd2LmRaTcOobNe27RER4.CWuLjkObOUE0gSKOUfCAehueluwxLeXOOTTywWLgH5g&dib_tag=se&keywords=washing+machine+fully+automatic&qid=1713266932&sr=8-3
LG,"LG 6.5 Kg 5 Star Inverter Direct Drive Fully Automatic Front Load Washing Machine Appliance (FHM1065SDW, Steam Wash, In-Built Heater, Touch Panel, White)","₹24,990",-,"FREE delivery as soon as Thu, 18 Apr, 7 am - 3 pm",Available,https://www.amazon.in/LG-Inverter-Fully-Automatic-FHM1065SDW-Technology/dp/B09Q94H46F/ref=sr_1_4?dib=eyJ2IjoiMSJ9.eaoHO_d6MVkG2089kYyEuwgEk5u4C8OqQXrm6QAvGTbZjvZr4cn6KgMOgtpMMKmiQETMN2py7TDGhqPV1QfieFI-938ezqZdB7l2jLSbb46ZuWVTybJc9o3v-H1qlyNfzjawTbru0MMmF1s4H3R6Gih2rVB-WhZM4iyVpO3rChlOU98gzeFpI4zddhi1_4iJ7bF0kfSn2FVA-QZ0ZFBKHK0pd2LmRaTcOobNe27RER4.CWuLjkObOUE0gSKOUfCAehueluwxLeXOOTTywWLgH5g&dib_tag=se&keywords=washing+machine+fully+automatic&qid=1713266932&sr=8-4
Whirlpool,"Whirlpool 6 Kg 5 Star Royal Fully-Automatic Top Loading Washing Machine (WHITEMAGIC ROYAL 6 GENX, Grey, ZPF Technology)","₹13,790",-,"FREE delivery as soon as Thu, 18 Apr, 7 am - 3 pm",Available,https://www.amazon.in/Whirlpool-Fully-Automatic-Loading-WHITEMAGIC-Technology/dp/B0C3MHB63Q/ref=sr_1_5?dib=eyJ2IjoiMSJ9.eaoHO_d6MVkG2089kYyEuwgEk5u4C8OqQXrm6QAvGTbZjvZr4cn6KgMOgtpMMKmiQETMN2py7TDGhqPV1QfieFI-938ezqZdB7l2jLSbb46ZuWVTybJc9o3v-H1qlyNfzjawTbru0MMmF1s4H3R6Gih2rVB-WhZM4iyVpO3rChlOU98gzeFpI4zddhi1_4iJ7bF0kfSn2FVA-QZ0ZFBKHK0pd2LmRaTcOobNe27RER4.CWuLjkObOUE0gSKOUfCAehueluwxLeXOOTTywWLgH5g&dib_tag=se&keywords=washing+machine+fully+automatic&qid=1713266932&sr=8-5
Whirlpool,"Whirlpool 8 Kg Steam Technology Inverter Front Load Washing Machine with In-Built Heater (XS8014BYM52E, MidNight Grey, 100+ Tough Stains, 6th Sense Soft Move, 2024 Model)","₹32,990",-,"FREE delivery by Thu, 18 Apr, 7:00 am - 3:00 pm",Available,https://aax-eu.amazon.in/x/c/RIIiAep73SDOrVSc6L19GBEAAAGO5qq8SQMAAAH2AQBvbm9fdHhuX2JpZDEgICBvbm9fdHhuX2ltcDEgICDIPc-E/https://www.amazon.in/Whirlpool-Technology-Inverter-XS8014BYM52E-MidNight/dp/B0CVX9XD11/ref=sxin_15_sbv_search_btf?content-id=amzn1.sym.e6c39f44-ac79-4da2-8eb5-110abccd93e3%3Aamzn1.sym.e6c39f44-ac79-4da2-8eb5-110abccd93e3&cv_ct_cx=washing+machine+fully+automatic&dib=eyJ2IjoiMSJ9.X-hgL22EroAt0h0uumLw2A.tgYXfuYX_8qSsGZ0epbeYmLX0_SAGPePOLzV6E9hNtc&dib_tag=se&keywords=washing+machine+fully+automatic&pd_rd_i=B0CVX9XD11&pd_rd_r=9bef28dd-2f2b-4b2a-b1aa-afb0b0f3250c&pd_rd_w=V15rm&pd_rd_wg=t9UGn&pf_rd_p=e6c39f44-ac79-4da2-8eb5-110abccd93e3&pf_rd_r=QEAY9M6F5855MCR06452&qid=1713266932&sbo=RZvfv%2F%2FHxDF%2BO5021pAnSA%3D%3D&sr=1-1-b614a050-8d70-4320-9c19-cc457ab2a351
Samsung,"Samsung 7 kg Fully-Automatic Top Loading Washing Machine (WA70A4002GS/TL, Imperial Silver, Awarded as Washing Machine Brand of the year )","₹15,690",-,"FREE delivery as soon as Fri, 19 Apr, 7 am - 3 pm",Available,https://www.amazon.in/Samsung-Fully-Automatic-WA70A4002GS-TL-Imperial/dp/B08GXYZFNB/ref=sr_1_6?dib=eyJ2IjoiMSJ9.eaoHO_d6MVkG2089kYyEuwgEk5u4C8OqQXrm6QAvGTbZjvZr4cn6KgMOgtpMMKmiQETMN2py7TDGhqPV1QfieFI-938ezqZdB7l2jLSbb46ZuWVTybJc9o3v-H1qlyNfzjawTbru0MMmF1s4H3R6Gih2rVB-WhZM4iyVpO3rChlOU98gzeFpI4zddhi1_4iJ7bF0kfSn2FVA-QZ0ZFBKHK0pd2LmRaTcOobNe27RER4.CWuLjkObOUE0gSKOUfCAehueluwxLeXOOTTywWLgH5g&dib_tag=se&keywords=washing+machine+fully+automatic&qid=1713266932&sr=8-6
Whirlpool,"Whirlpool 7 Kg 5 Star Royal Fully-Automatic Top Loading Washing Machine (WHITEMAGIC ROYAL 7.0 GENX, Grey, Hard Water Wash, ZPF Technology)","₹15,390",-,"FREE delivery as soon as Thu, 18 Apr, 7 am - 3 pm",Available,https://www.amazon.in/Whirlpool-Fully-Automatic-WHITEMAGIC-ROYAL-7-0/dp/B08QP41KBP/ref=sr_1_7?dib=eyJ2IjoiMSJ9.eaoHO_d6MVkG2089kYyEuwgEk5u4C8OqQXrm6QAvGTbZjvZr4cn6KgMOgtpMMKmiQETMN2py7TDGhqPV1QfieFI-938ezqZdB7l2jLSbb46ZuWVTybJc9o3v-H1qlyNfzjawTbru0MMmF1s4H3R6Gih2rVB-WhZM4iyVpO3rChlOU98gzeFpI4zddhi1_4iJ7bF0kfSn2FVA-QZ0ZFBKHK0pd2LmRaTcOobNe27RER4.CWuLjkObOUE0gSKOUfCAehueluwxLeXOOTTywWLgH5g&dib_tag=se&keywords=washing+machine+fully+automatic&qid=1713266932&sr=8-7
Samsung,"Samsung 7 kg, Eco Bubble Techn, Digital Inverter Motor, Soft Closing Door, Fully-Automatic Top Load Washing Machine (WA70BG4441YYTL, Lavender Gray, Awarded as Washing Machine Brand of the year)","₹17,990",-,"FREE delivery as soon as Fri, 19 Apr, 7 am - 3 pm",Available,https://www.amazon.in/Samsung-Inverter-Fully-Automatic-WA70BG4441YYTL-Technology/dp/B0B8NHX62W/ref=sr_1_8?dib=eyJ2IjoiMSJ9.eaoHO_d6MVkG2089kYyEuwgEk5u4C8OqQXrm6QAvGTbZjvZr4cn6KgMOgtpMMKmiQETMN2py7TDGhqPV1QfieFI-938ezqZdB7l2jLSbb46ZuWVTybJc9o3v-H1qlyNfzjawTbru0MMmF1s4H3R6Gih2rVB-WhZM4iyVpO3rChlOU98gzeFpI4zddhi1_4iJ7bF0kfSn2FVA-QZ0ZFBKHK0pd2LmRaTcOobNe27RER4.CWuLjkObOUE0gSKOUfCAehueluwxLeXOOTTywWLgH5g&dib_tag=se&keywords=washing+machine+fully+automatic&qid=1713266932&sr=8-8
Godrej,"Godrej 7 Kg 5 Star I-Wash Technology Fully Automatic Top Load Washing Machine (WTEON 700 5.0 AP GPGR, Graphite Grey, With Toughened Glass Lid)","₹13,490",-,"FREE delivery as soon as Thu, 18 Apr, 7 am - 3 pm",Available,https://www.amazon.in/Godrej-WTEON-700-5-0-GPGR/dp/B0B2Q1QJ12/ref=sr_1_9?dib=eyJ2IjoiMSJ9.eaoHO_d6MVkG2089kYyEuwgEk5u4C8OqQXrm6QAvGTbZjvZr4cn6KgMOgtpMMKmiQETMN2py7TDGhqPV1QfieFI-938ezqZdB7l2jLSbb46ZuWVTybJc9o3v-H1qlyNfzjawTbru0MMmF1s4H3R6Gih2rVB-WhZM4iyVpO3rChlOU98gzeFpI4zddhi1_4iJ7bF0kfSn2FVA-QZ0ZFBKHK0pd2LmRaTcOobNe27RER4.CWuLjkObOUE0gSKOUfCAehueluwxLeXOOTTywWLgH5g&dib_tag=se&keywords=washing+machine+fully+automatic&qid=1713266932&sr=8-9
Bosch,"Bosch 8 kg 5 Star Fully-Automatic Front Loading Washing Machine (WAJ2846PIN, Titanium, AI active water plus, In-Built Heater)",N/A,-,"FREE delivery as soon as Thu, 18 Apr, 7 am - 3 pm",Not Available,https://www.amazon.in/Bosch-Fully-Automatic-Loading-WAJ2846PIN-Titanium/dp/B0CFFPR4GS/ref=sr_1_10?dib=eyJ2IjoiMSJ9.eaoHO_d6MVkG2089kYyEuwgEk5u4C8OqQXrm6QAvGTbZjvZr4cn6KgMOgtpMMKmiQETMN2py7TDGhqPV1QfieFI-938ezqZdB7l2jLSbb46ZuWVTybJc9o3v-H1qlyNfzjawTbru0MMmF1s4H3R6Gih2rVB-WhZM4iyVpO3rChlOU98gzeFpI4zddhi1_4iJ7bF0kfSn2FVA-QZ0ZFBKHK0pd2LmRaTcOobNe27RER4.CWuLjkObOUE0gSKOUfCAehueluwxLeXOOTTywWLgH5g&dib_tag=se&keywords=washing+machine+fully+automatic&qid=1713266932&sr=8-10
Voltas,"Voltas beko A Tata Product 1200 rpm 6 Kg Front Load Washing Machine with inbuilt Heater and Hygiene Wash (WFL6012B7CUSKA/WXV, White, 2023 Model)","₹20,990",-,"FREE delivery as soon as Thu, 18 Apr, 7 am - 3 pm",Available,https://www.amazon.in/sspa/click?ie=UTF8&spc=MTo4NTYzMTU5ODgyODU1MTA2OjE3MTMyNjY5MzI6c3BfbXRmOjMwMDAyNzE3NTg4NDUzMjo6MDo6&url=%2FVoltas-Product-Washing-WFL6012B7CUSKA-WXV%2Fdp%2FB0C85RMN28%2Fref%3Dsr_1_11_sspa%3Fdib%3DeyJ2IjoiMSJ9.eaoHO_d6MVkG2089kYyEuwgEk5u4C8OqQXrm6QAvGTbZjvZr4cn6KgMOgtpMMKmiQETMN2py7TDGhqPV1QfieFI-938ezqZdB7l2jLSbb46ZuWVTybJc9o3v-H1qlyNfzjawTbru0MMmF1s4H3R6Gih2rVB-WhZM4iyVpO3rChlOU98gzeFpI4zddhi1_4iJ7bF0kfSn2FVA-QZ0ZFBKHK0pd2LmRaTcOobNe27RER4.CWuLjkObOUE0gSKOUfCAehueluwxLeXOOTTywWLgH5g%26dib_tag%3Dse%26keywords%3Dwashing%2Bmachine%2Bfully%2Bautomatic%26qid%3D1713266932%26sr%3D8-11-spons%26sp_csd%3Dd2lkZ2V0TmFtZT1zcF9tdGY%26psc%3D1
Whirlpool,"Whirlpool 8 Kg Ozone Technology Inverter Front Load Washing Machine with In-Built Heater (XO8014BYM52E, Midnight Grey, 100+ Tough Stains, 1400 RPM, 2024 Model)","₹35,990",-,"FREE delivery as soon as Thu, 18 Apr, 7 am - 3 pm",Available,https://www.amazon.in/sspa/click?ie=UTF8&spc=MTo4NTYzMTU5ODgyODU1MTA2OjE3MTMyNjY5MzI6c3BfbXRmOjMwMDE2MDU0MjM4NDEzMjo6MDo6&url=%2FWhirlpool-Technology-Inverter-XO8014BYM52E-Midnight%2Fdp%2FB0CVX4XQ3L%2Fref%3Dsr_1_12_sspa%3Fdib%3DeyJ2IjoiMSJ9.eaoHO_d6MVkG2089kYyEuwgEk5u4C8OqQXrm6QAvGTbZjvZr4cn6KgMOgtpMMKmiQETMN2py7TDGhqPV1QfieFI-938ezqZdB7l2jLSbb46ZuWVTybJc9o3v-H1qlyNfzjawTbru0MMmF1s4H3R6Gih2rVB-WhZM4iyVpO3rChlOU98gzeFpI4zddhi1_4iJ7bF0kfSn2FVA-QZ0ZFBKHK0pd2LmRaTcOobNe27RER4.CWuLjkObOUE0gSKOUfCAehueluwxLeXOOTTywWLgH5g%26dib_tag%3Dse%26keywords%3Dwashing%2Bmachine%2Bfully%2Bautomatic%26qid%3D1713266932%26sr%3D8-12-spons%26sp_csd%3Dd2lkZ2V0TmFtZT1zcF9tdGY%26psc%3D1
Samsung,"Samsung 8 kg, 5 star, Eco Bubble Tech, Digital Inverter Motor, Soft Closing Door, Fully-Automatic Top Load Washing Machine (WA80BG4441BGTL, Light Gray, Awarded as Washing Machine Brand of the year)","₹19,490",-,"FREE delivery as soon as Thu, 18 Apr, 7 am - 3 pm",Available,https://www.amazon.in/Samsung-Fully-Automatic-Ecobubble-WA80BG4441BGTL-Technology/dp/B0B8NK5HTH/ref=sr_1_13?dib=eyJ2IjoiMSJ9.eaoHO_d6MVkG2089kYyEuwgEk5u4C8OqQXrm6QAvGTbZjvZr4cn6KgMOgtpMMKmiQETMN2py7TDGhqPV1QfieFI-938ezqZdB7l2jLSbb46ZuWVTybJc9o3v-H1qlyNfzjawTbru0MMmF1s4H3R6Gih2rVB-WhZM4iyVpO3rChlOU98gzeFpI4zddhi1_4iJ7bF0kfSn2FVA-QZ0ZFBKHK0pd2LmRaTcOobNe27RER4.CWuLjkObOUE0gSKOUfCAehueluwxLeXOOTTywWLgH5g&dib_tag=se&keywords=washing+machine+fully+automatic&qid=1713266932&sr=8-13
Panasonic,"Panasonic 6 Kg 5 Star Fully-Automatic Top Load Washing Machine ( NA-F60LF1HRB, Grey, Durable Metal Body, 8 Wash Program, Aquabeat wash technology, One touch smart wash, 2022 model)","₹13,790",-,"FREE delivery as soon as Thu, 18 Apr, 7 am - 3 pm",Available,https://www.amazon.in/Panasonic-Fully-Automatic-Loading-Washing-NA-F60LF1HRB/dp/B08B9756FB/ref=sr_1_14?dib=eyJ2IjoiMSJ9.eaoHO_d6MVkG2089kYyEuwgEk5u4C8OqQXrm6QAvGTbZjvZr4cn6KgMOgtpMMKmiQETMN2py7TDGhqPV1QfieFI-938ezqZdB7l2jLSbb46ZuWVTybJc9o3v-H1qlyNfzjawTbru0MMmF1s4H3R6Gih2rVB-WhZM4iyVpO3rChlOU98gzeFpI4zddhi1_4iJ7bF0kfSn2FVA-QZ0ZFBKHK0pd2LmRaTcOobNe27RER4.CWuLjkObOUE0gSKOUfCAehueluwxLeXOOTTywWLgH5g&dib_tag=se&keywords=washing+machine+fully+automatic&qid=1713266932&sr=8-14
IFB,"IFB 6 Kg 5 Star AI Powered Fully Automatic Front Load Washing Machine 2X Power Steam (DIVA AQUA GBS 6010, 2023 Model, Grey, In-built Heater, 4 years Comprehensive Warranty)","₹23,990",-,"FREE delivery as soon as Thu, 18 Apr, 7 am - 3 pm",Available,https://www.amazon.in/IFB-DIVA-AQUA-GBS-6010/dp/B0CB1FS1WR/ref=sr_1_15?dib=eyJ2IjoiMSJ9.eaoHO_d6MVkG2089kYyEuwgEk5u4C8OqQXrm6QAvGTbZjvZr4cn6KgMOgtpMMKmiQETMN2py7TDGhqPV1QfieFI-938ezqZdB7l2jLSbb46ZuWVTybJc9o3v-H1qlyNfzjawTbru0MMmF1s4H3R6Gih2rVB-WhZM4iyVpO3rChlOU98gzeFpI4zddhi1_4iJ7bF0kfSn2FVA-QZ0ZFBKHK0pd2LmRaTcOobNe27RER4.CWuLjkObOUE0gSKOUfCAehueluwxLeXOOTTywWLgH5g&dib_tag=se&keywords=washing+machine+fully+automatic&qid=1713266932&sr=8-15
Haier,"Haier 6 Kg Fully Automatic Washing Machine Appliance with Oceanus Wave Drum, Magic Filter, Balance clean Pulsator, 8 Wash Program (HWM60-AE, Titanium)","₹12,690",-,"FREE delivery as soon as Thu, 18 Apr, 7 am - 3 pm",Available,https://www.amazon.in/Haier-Automatic-Pulsator-HWM60-AE-Titanium/dp/B0CC8P3J3L/ref=sr_1_16?dib=eyJ2IjoiMSJ9.eaoHO_d6MVkG2089kYyEuwgEk5u4C8OqQXrm6QAvGTbZjvZr4cn6KgMOgtpMMKmiQETMN2py7TDGhqPV1QfieFI-938ezqZdB7l2jLSbb46ZuWVTybJc9o3v-H1qlyNfzjawTbru0MMmF1s4H3R6Gih2rVB-WhZM4iyVpO3rChlOU98gzeFpI4zddhi1_4iJ7bF0kfSn2FVA-QZ0ZFBKHK0pd2LmRaTcOobNe27RER4.CWuLjkObOUE0gSKOUfCAehueluwxLeXOOTTywWLgH5g&dib_tag=se&keywords=washing+machine+fully+automatic&qid=1713266932&sr=8-16
LG,"LG 7 Kg 5 Star Inverter Touch panel Fully-Automatic Front Load Washing Machine with In-Built Heater (FHM1207SDM, Middle Black, Steam for Hygiene Wash)","₹28,990",-,"FREE delivery as soon as Thu, 18 Apr, 7 am - 3 pm",Available,https://www.amazon.in/LG-Inverter-Fully-Automatic-Washing-FHM1207SDM/dp/B0BMGD9Y2X/ref=sr_1_17?dib=eyJ2IjoiMSJ9.eaoHO_d6MVkG2089kYyEuwgEk5u4C8OqQXrm6QAvGTbZjvZr4cn6KgMOgtpMMKmiQETMN2py7TDGhqPV1QfieFI-938ezqZdB7l2jLSbb46ZuWVTybJc9o3v-H1qlyNfzjawTbru0MMmF1s4H3R6Gih2rVB-WhZM4iyVpO3rChlOU98gzeFpI4zddhi1_4iJ7bF0kfSn2FVA-QZ0ZFBKHK0pd2LmRaTcOobNe27RER4.CWuLjkObOUE0gSKOUfCAehueluwxLeXOOTTywWLgH5g&dib_tag=se&keywords=washing+machine+fully+automatic&qid=1713266932&sr=8-17
Panasonic,"Panasonic 6.5 Kg 5 Star Fully-Automatic Top Load Washing Machine (2024 Model, NA-F65LF3CRB, Charcoal Inox Grey, 12 Wash Program, Active Foam Wash Technology, Antibacterial Water Inlet)","₹14,490",-,"FREE delivery as soon as Thu, 18 Apr, 7 am - 3 pm",Available,https://www.amazon.in/Panasonic-Fully-Automatic-NA-F65LF3CRB-Technology-Antibacterial/dp/B0CWLHCGV3/ref=sr_1_18?dib=eyJ2IjoiMSJ9.eaoHO_d6MVkG2089kYyEuwgEk5u4C8OqQXrm6QAvGTbZjvZr4cn6KgMOgtpMMKmiQETMN2py7TDGhqPV1QfieFI-938ezqZdB7l2jLSbb46ZuWVTybJc9o3v-H1qlyNfzjawTbru0MMmF1s4H3R6Gih2rVB-WhZM4iyVpO3rChlOU98gzeFpI4zddhi1_4iJ7bF0kfSn2FVA-QZ0ZFBKHK0pd2LmRaTcOobNe27RER4.CWuLjkObOUE0gSKOUfCAehueluwxLeXOOTTywWLgH5g&dib_tag=se&keywords=washing+machine+fully+automatic&qid=1713266932&sr=8-18
Whirlpool,Whirlpool 7.5 Kg 5 Star StainWash Royal Plus Fully Automatic Top Load Washing Machine (SW ROYAL PLUS 7.5 (H) GREY 10YMW with In-Built Heater),"₹18,240",-,"FREE delivery as soon as Thu, 18 Apr, 7 am - 3 pm",Available,https://www.amazon.in/Whirlpool-7-5-SW-ROYAL-PLUS/dp/B0CMZKV2H1/ref=sr_1_19?dib=eyJ2IjoiMSJ9.eaoHO_d6MVkG2089kYyEuwgEk5u4C8OqQXrm6QAvGTbZjvZr4cn6KgMOgtpMMKmiQETMN2py7TDGhqPV1QfieFI-938ezqZdB7l2jLSbb46ZuWVTybJc9o3v-H1qlyNfzjawTbru0MMmF1s4H3R6Gih2rVB-WhZM4iyVpO3rChlOU98gzeFpI4zddhi1_4iJ7bF0kfSn2FVA-QZ0ZFBKHK0pd2LmRaTcOobNe27RER4.CWuLjkObOUE0gSKOUfCAehueluwxLeXOOTTywWLgH5g&dib_tag=se&keywords=washing+machine+fully+automatic&qid=1713266932&sr=8-19
IFB,"IFB 7 Kg 5 Star AI Powered Fully Automatic Front Load Washing Machine 2X Power Steam (DIVA AQUA MXS 7010, 2023 Model, Mocha, In-built Heater, 4 years Comprehensive Warranty)","₹27,990",-,"FREE delivery as soon as Thu, 18 Apr, 7 am - 3 pm",Available,https://www.amazon.in/IFB-DIVA-AQUA-MXS-7010/dp/B0C8TX869X/ref=sr_1_20?dib=eyJ2IjoiMSJ9.eaoHO_d6MVkG2089kYyEuwgEk5u4C8OqQXrm6QAvGTbZjvZr4cn6KgMOgtpMMKmiQETMN2py7TDGhqPV1QfieFI-938ezqZdB7l2jLSbb46ZuWVTybJc9o3v-H1qlyNfzjawTbru0MMmF1s4H3R6Gih2rVB-WhZM4iyVpO3rChlOU98gzeFpI4zddhi1_4iJ7bF0kfSn2FVA-QZ0ZFBKHK0pd2LmRaTcOobNe27RER4.CWuLjkObOUE0gSKOUfCAehueluwxLeXOOTTywWLgH5g&dib_tag=se&keywords=washing+machine+fully+automatic&qid=1713266932&sr=8-20
Voltas,"Voltas Beko 7 Kg 5 Star Fully-Automatic Top-Loading Washing Machine (WTL70, Dark Grey, 2023 Model, Monsoon Dry)","₹14,490",-,"FREE delivery as soon as Thu, 18 Apr, 7 am - 3 pm",Available,https://www.amazon.in/sspa/click?ie=UTF8&spc=MTo4NTYzMTU5ODgyODU1MTA2OjE3MTMyNjY5MzI6c3BfYnRmOjMwMDAyNzE3NTg4NDYzMjo6MDo6&url=%2FVoltas-Beko-Fully-Automatic-Top-Loading-WTL70%2Fdp%2FB0C9M1ZM5S%2Fref%3Dsr_1_21_sspa%3Fdib%3DeyJ2IjoiMSJ9.eaoHO_d6MVkG2089kYyEuwgEk5u4C8OqQXrm6QAvGTbZjvZr4cn6KgMOgtpMMKmiQETMN2py7TDGhqPV1QfieFI-938ezqZdB7l2jLSbb46ZuWVTybJc9o3v-H1qlyNfzjawTbru0MMmF1s4H3R6Gih2rVB-WhZM4iyVpO3rChlOU98gzeFpI4zddhi1_4iJ7bF0kfSn2FVA-QZ0ZFBKHK0pd2LmRaTcOobNe27RER4.CWuLjkObOUE0gSKOUfCAehueluwxLeXOOTTywWLgH5g%26dib_tag%3Dse%26keywords%3Dwashing%2Bmachine%2Bfully%2Bautomatic%26qid%3D1713266932%26sr%3D8-21-spons%26sp_csd%3Dd2lkZ2V0TmFtZT1zcF9idGY%26psc%3D1
Voltas,"Voltas Beko, A Tata Product 6.5 Kg 5 Star Fully Automatic Front Loading Washing Machine (2023 Model, WFL6512B7CUSKA/WXV, White, In-Built Heater)","₹21,990",-,"FREE delivery by Thu, 18 Apr, 7:00 am - 3:00 pm",Available,https://www.amazon.in/sspa/click?ie=UTF8&spc=MTo4NTYzMTU5ODgyODU1MTA2OjE3MTMyNjY5MzI6c3BfYnRmOjMwMDE0MjYxNTU0NDczMjo6MDo6&url=%2FVoltas-Beko-Automatic-WFL6512B7CUSKA-WXV%2Fdp%2FB0CKZJVMFG%2Fref%3Dsr_1_22_sspa%3Fdib%3DeyJ2IjoiMSJ9.eaoHO_d6MVkG2089kYyEuwgEk5u4C8OqQXrm6QAvGTbZjvZr4cn6KgMOgtpMMKmiQETMN2py7TDGhqPV1QfieFI-938ezqZdB7l2jLSbb46ZuWVTybJc9o3v-H1qlyNfzjawTbru0MMmF1s4H3R6Gih2rVB-WhZM4iyVpO3rChlOU98gzeFpI4zddhi1_4iJ7bF0kfSn2FVA-QZ0ZFBKHK0pd2LmRaTcOobNe27RER4.CWuLjkObOUE0gSKOUfCAehueluwxLeXOOTTywWLgH5g%26dib_tag%3Dse%26keywords%3Dwashing%2Bmachine%2Bfully%2Bautomatic%26qid%3D1713266932%26sr%3D8-22-spons%26sp_csd%3Dd2lkZ2V0TmFtZT1zcF9idGY%26psc%3D1
SHARP,"SHARP 7.5 kg Fully Automatic Top Load Washing Machine with Toughened Glass (EST75NGY/2023, Inox Grey, Hot & Cold Water Dual Inlet, Add Laundry)","₹17,990",-,"FREE delivery as soon as Thu, 18 Apr, 7 am - 3 pm",Available,https://aax-eu.amazon.in/x/c/RGMW0xBC1gU1tnqBKS7D_K4AAAGO5qq8WAMAAAH2AQBvbm9fdHhuX2JpZDIgICBvbm9fdHhuX2ltcDEgICDfZENp/https://www.amazon.in/SHARP-Automatic-Washing-Machine-EST75NGY/dp/B0BW8ZPSS1/ref=sxbs_sbv_search_btf?content-id=amzn1.sym.29651f77-3164-4105-8e83-b08340dd52f0%3Aamzn1.sym.29651f77-3164-4105-8e83-b08340dd52f0&cv_ct_cx=washing+machine+fully+automatic&dib=eyJ2IjoiMSJ9.vp4o_Z2DLtRNi5bEuY__HA.ww_pGyl8rLCCFg9SlZm2xQXX0UvzNH_31e75PPPuM0s&dib_tag=se&keywords=washing+machine+fully+automatic&pd_rd_i=B0BW8ZPSS1&pd_rd_r=b87decba-7902-4554-b33b-924e3c384770&pd_rd_w=5vIgj&pd_rd_wg=TJcOE&pf_rd_p=29651f77-3164-4105-8e83-b08340dd52f0&pf_rd_r=QEAY9M6F5855MCR06452&qid=1713266932&sbo=RZvfv%2F%2FHxDF%2BO5021pAnSA%3D%3D&sr=1-1-25dedf61-9bde-4412-952b-c956ef4fc546
LG,"LG 9 Kg 5 Star Wi-Fi Inverter AI Direct Drive Fully-Automatic Front Load Washing Machine with In-Built Heater (FHP1209Z5M, 6 Motion DD & Steam for Hygiene Wash, Middle Black)","₹41,990",-,"FREE delivery as soon as Thu, 18 Apr, 7 am - 3 pm",Available,https://www.amazon.in/sspa/click?ie=UTF8&spc=MTo2NzUyODI2OTgxNTk5MTA2OjE3MTMyNjY5NDg6c3BfYXRmX25leHQ6MjAxNjQ2NjgyNzQzOTg6OjA6Og&url=%2FLG-Inverter-Fully-Automatic-Washing-FHP1209Z5M%2Fdp%2FB0C3LHV43S%2Fref%3Dsr_1_17_sspa%3Fdib%3DeyJ2IjoiMSJ9.I5uGNBn_mq_yDwHZqnCp2IXch6Dv--IrnmXISpJ52M_GjHj071QN20LucGBJIEps.DGSB6zcSMz061fDXYkxMT5FPjPMAJ3axdYM63M9qrkM%26dib_tag%3Dse%26keywords%3Dwashing%2Bmachine%2Bfully%2Bautomatic%26qid%3D1713266947%26sr%3D8-17-spons%26sp_csd%3Dd2lkZ2V0TmFtZT1zcF9hdGZfbmV4dA%26psc%3D1
LG,"LG 7.5 Kg 5 Star Smart Inverter Fully-Automatic Top Load Washing Machine (T75SKMB1Z, Middle Black, TurboDrum | Smart Motion)","₹18,490",-,"FREE delivery as soon as Thu, 18 Apr, 7 am - 3 pm",Available,https://www.amazon.in/sspa/click?ie=UTF8&spc=MTo2NzUyODI2OTgxNTk5MTA2OjE3MTMyNjY5NDg6c3BfYXRmX25leHQ6MzAwMTQ0OTY2NTc1OTMyOjowOjo&url=%2FLG-Inverter-Fully-Automatic-T75SKMB1Z-TurboDrum%2Fdp%2FB0C3LPXHL3%2Fref%3Dsr_1_18_sspa%3Fdib%3DeyJ2IjoiMSJ9.I5uGNBn_mq_yDwHZqnCp2IXch6Dv--IrnmXISpJ52M_GjHj071QN20LucGBJIEps.DGSB6zcSMz061fDXYkxMT5FPjPMAJ3axdYM63M9qrkM%26dib_tag%3Dse%26keywords%3Dwashing%2Bmachine%2Bfully%2Bautomatic%26qid%3D1713266947%26sr%3D8-18-spons%26sp_csd%3Dd2lkZ2V0TmFtZT1zcF9hdGZfbmV4dA%26psc%3D1
IFB,"IFB 6 Kg 5 Star Fully Automatic Front Load Washing Machine 2X Power Steam (DIVA AQUA BXS 6008, White & Black, In-built Heater, 4 years Comprehensive Warranty)","₹22,990",-,"FREE delivery as soon as Thu, 18 Apr, 7 am - 3 pm",Available,https://www.amazon.in/IFB-DIVA-AQUA-BXS-6008/dp/B09ZBJRGWH/ref=sr_1_19?dib=eyJ2IjoiMSJ9.I5uGNBn_mq_yDwHZqnCp2IXch6Dv--IrnmXISpJ52M_GjHj071QN20LucGBJIEps.DGSB6zcSMz061fDXYkxMT5FPjPMAJ3axdYM63M9qrkM&dib_tag=se&keywords=washing+machine+fully+automatic&qid=1713266947&sr=8-19
IFB,"IFB 6.5 Kg 5 Star Fully Automatic Top Load Washing Machine Aqua Conserve (TL-REW 6.5KG AQUA, White, Hard Water Wash, 4 Years Comprehensive Warranty)","₹17,590",-,"FREE delivery as soon as Thu, 18 Apr, 7 am - 3 pm",Available,https://www.amazon.in/IFB-6-5-Fully-Automatic-Loading-REW/dp/B084R6N14J/ref=sr_1_20?dib=eyJ2IjoiMSJ9.I5uGNBn_mq_yDwHZqnCp2IXch6Dv--IrnmXISpJ52M_GjHj071QN20LucGBJIEps.DGSB6zcSMz061fDXYkxMT5FPjPMAJ3axdYM63M9qrkM&dib_tag=se&keywords=washing+machine+fully+automatic&qid=1713266947&sr=8-20
Samsung,"Samsung 8 Kg, Eco Bubble Technology, Super Speed, Wi-Fi, Soft Closing Door, Fully-Automatic Top Load Washing Machine (WA80BG4546BDTL, Versailles Gray, Awarded as Washing Machine Brand of the year)","₹22,590",-,"FREE delivery as soon as Fri, 19 Apr, 7 am - 3 pm",Available,https://www.amazon.in/Samsung-Automatic-Washing-Machine-WA80BG4546BDTL/dp/B0BR57BJQ1/ref=sr_1_21?dib=eyJ2IjoiMSJ9.I5uGNBn_mq_yDwHZqnCp2IXch6Dv--IrnmXISpJ52M_GjHj071QN20LucGBJIEps.DGSB6zcSMz061fDXYkxMT5FPjPMAJ3axdYM63M9qrkM&dib_tag=se&keywords=washing+machine+fully+automatic&qid=1713266947&sr=8-21
Samsung,"Samsung 9 kg, 5 star, Eco Bubble Technology, Wi-Fi, Soft Closing Door, Fully-Automatic Top Load Washing Machine (WA90BG4542BDTL, Versailles Gray, Awarded as Washing Machine Brand of the year)","₹23,990",-,"FREE delivery as soon as Fri, 19 Apr, 7 am - 3 pm",Available,https://www.amazon.in/Samsung-Fully-Automatic-Ecobubble-WA90BG4542BDTL-technology/dp/B0B8NHPWZF/ref=sr_1_17?dib=eyJ2IjoiMSJ9.Z_B7RgEZbME9-ddSMS6drkx1txAl_HdB-RXS6YRgJFwTzsU22YgqTQ7PAZl3PtWdNhI3rNM-6wBliUuL1lz8Tfi-7m0vqGcyD8FD6LbJ8Zd4ssovwNs6ok-UfuZzJppUsmaRoiX8lmUXU6Cphoro3rpfulB2Kx4zubQfnI3qxqIFktyZ1lyYf2Ya-GVMZiip.WfacmmMaxYfQlTseJiUDeNiD_9-OTSLJiCpWLJaSOzQ&dib_tag=se&keywords=washing+machine+fully+automatic&qid=1713266947&sr=8-17
Samsung,"Samsung 7 kg, 5 star, Eco Bubble Technology with Super Speed, Soft Closing Door, Fully-Automatic Top Load Washing Machine (WA70BG4545BGTL, Light Gray, Awarded as Washing Machine Brand of the year)","₹19,490",-,"FREE delivery as soon as Thu, 18 Apr, 7 am - 3 pm",Available,https://www.amazon.in/Samsung-Fully-Automatic-Ecobubble-WA70BG4545BGTL-technology/dp/B0B7JXYC24/ref=sr_1_18?dib=eyJ2IjoiMSJ9.Z_B7RgEZbME9-ddSMS6drkx1txAl_HdB-RXS6YRgJFwTzsU22YgqTQ7PAZl3PtWdNhI3rNM-6wBliUuL1lz8Tfi-7m0vqGcyD8FD6LbJ8Zd4ssovwNs6ok-UfuZzJppUsmaRoiX8lmUXU6Cphoro3rpfulB2Kx4zubQfnI3qxqIFktyZ1lyYf2Ya-GVMZiip.WfacmmMaxYfQlTseJiUDeNiD_9-OTSLJiCpWLJaSOzQ&dib_tag=se&keywords=washing+machine+fully+automatic&qid=1713266947&sr=8-18
Whirlpool,"Whirlpool 7Kg Top Load 5 Star Fully Automatic Top-Load Washing Machine(Whitemagic Classic GenX,10YMW, Grey)","₹15,490",-,"FREE delivery as soon as Thu, 18 Apr, 7 am - 3 pm",Available,https://www.amazon.in/Whirlpool-Automatic-Top-Load-Washing-Whitemagic/dp/B0CF5LX4JK/ref=sr_1_19?dib=eyJ2IjoiMSJ9.Z_B7RgEZbME9-ddSMS6drkx1txAl_HdB-RXS6YRgJFwTzsU22YgqTQ7PAZl3PtWdNhI3rNM-6wBliUuL1lz8Tfi-7m0vqGcyD8FD6LbJ8Zd4ssovwNs6ok-UfuZzJppUsmaRoiX8lmUXU6Cphoro3rpfulB2Kx4zubQfnI3qxqIFktyZ1lyYf2Ya-GVMZiip.WfacmmMaxYfQlTseJiUDeNiD_9-OTSLJiCpWLJaSOzQ&dib_tag=se&keywords=washing+machine+fully+automatic&qid=1713266947&sr=8-19
Voltas,"Voltas Beko 7 Kg 5 Star Fully-Automatic Top-Loading Washing Machine (WTL70, Dark Grey, 2023 Model, Monsoon Dry)","₹14,490",-,"FREE delivery as soon as Thu, 18 Apr, 7 am - 3 pm",Available,https://www.amazon.in/Voltas-Beko-Fully-Automatic-Top-Loading-WTL70/dp/B0C9M1ZM5S/ref=sr_1_20?dib=eyJ2IjoiMSJ9.Z_B7RgEZbME9-ddSMS6drkx1txAl_HdB-RXS6YRgJFwTzsU22YgqTQ7PAZl3PtWdNhI3rNM-6wBliUuL1lz8Tfi-7m0vqGcyD8FD6LbJ8Zd4ssovwNs6ok-UfuZzJppUsmaRoiX8lmUXU6Cphoro3rpfulB2Kx4zubQfnI3qxqIFktyZ1lyYf2Ya-GVMZiip.WfacmmMaxYfQlTseJiUDeNiD_9-OTSLJiCpWLJaSOzQ&dib_tag=se&keywords=washing+machine+fully+automatic&qid=1713266947&sr=8-20
LG,"LG 8 Kg 5 Star Inverter Direct Drive Touch Panel Fully Automatic Front Load Washing Machine (FHM1408BDM, Steam for Hygiene, In-Built Heater, 6 Motion DD, Middle Black)","₹34,990",-,"FREE delivery as soon as Thu, 18 Apr, 7 am - 3 pm",Available,https://www.amazon.in/LG-Inverter-Fully-Automatic-Washing-FHM1408BDM/dp/B0BMGGWGHV/ref=sr_1_21?dib=eyJ2IjoiMSJ9.Z_B7RgEZbME9-ddSMS6drkx1txAl_HdB-RXS6YRgJFwTzsU22YgqTQ7PAZl3PtWdNhI3rNM-6wBliUuL1lz8Tfi-7m0vqGcyD8FD6LbJ8Zd4ssovwNs6ok-UfuZzJppUsmaRoiX8lmUXU6Cphoro3rpfulB2Kx4zubQfnI3qxqIFktyZ1lyYf2Ya-GVMZiip.WfacmmMaxYfQlTseJiUDeNiD_9-OTSLJiCpWLJaSOzQ&dib_tag=se&keywords=washing+machine+fully+automatic&qid=1713266947&sr=8-21
LG,"LG 15 Kg 4 Star AI Direct Drive Wi-Fi Inverter Fully Automatic Front-Loading Washing Machine (2023 Model, FHT1415ZTM, 6 Motion DD & Steam for Hygiene Wash, Middle Black)","₹72,990",-,"FREE delivery as soon as Thu, 18 Apr, 7 am - 3 pm",Available,https://www.amazon.in/sspa/click?ie=UTF8&spc=MTo2NzUyODI2OTgxNTk5MTA2OjE3MTMyNjY5NDg6c3BfbXRmOjMwMDE0Mzg0NTMwOTIzMjo6MDo6&url=%2FLG-Inverter-Automatic-Front-Loading-FHT1415ZTM%2Fdp%2FB0CLJLWSNP%2Fref%3Dsr_1_22_sspa%3Fdib%3DeyJ2IjoiMSJ9.Z_B7RgEZbME9-ddSMS6drkx1txAl_HdB-RXS6YRgJFwTzsU22YgqTQ7PAZl3PtWdNhI3rNM-6wBliUuL1lz8Tfi-7m0vqGcyD8FD6LbJ8Zd4ssovwNs6ok-UfuZzJppUsmaRoiX8lmUXU6Cphoro3rpfulB2Kx4zubQfnI3qxqIFktyZ1lyYf2Ya-GVMZiip.WfacmmMaxYfQlTseJiUDeNiD_9-OTSLJiCpWLJaSOzQ%26dib_tag%3Dse%26keywords%3Dwashing%2Bmachine%2Bfully%2Bautomatic%26qid%3D1713266947%26sr%3D8-22-spons%26sp_csd%3Dd2lkZ2V0TmFtZT1zcF9tdGY%26psc%3D1
Haier,"Haier 8 kg Fully Automatic Front Load Washing Machine with PuriSteam & Refresh, Starry Sliver",Limited,-,"FREE delivery as soon as Thu, 18 Apr, 7 am - 3 pm",Available,https://www.amazon.in/sspa/click?ie=UTF8&spc=MTo2NzUyODI2OTgxNTk5MTA2OjE3MTMyNjY5NDg6c3BfbXRmOjMwMDE1NjU1MzYzMzkzMjo6MDo6&url=%2FHaier-Inverter-Automatic-Washing-HW80-IM12929CS6%2Fdp%2FB0BSN4Q1NT%2Fref%3Dsr_1_23_sspa%3Fdib%3DeyJ2IjoiMSJ9.Z_B7RgEZbME9-ddSMS6drkx1txAl_HdB-RXS6YRgJFwTzsU22YgqTQ7PAZl3PtWdNhI3rNM-6wBliUuL1lz8Tfi-7m0vqGcyD8FD6LbJ8Zd4ssovwNs6ok-UfuZzJppUsmaRoiX8lmUXU6Cphoro3rpfulB2Kx4zubQfnI3qxqIFktyZ1lyYf2Ya-GVMZiip.WfacmmMaxYfQlTseJiUDeNiD_9-OTSLJiCpWLJaSOzQ%26dib_tag%3Dse%26keywords%3Dwashing%2Bmachine%2Bfully%2Bautomatic%26qid%3D1713266947%26sr%3D8-23-spons%26sp_csd%3Dd2lkZ2V0TmFtZT1zcF9tdGY%26psc%3D1
Bosch,"Bosch 7 kg 5 Star Fully-Automatic Front Loading Washing Machine (WAJ2416SIN, Silver, AI active water plus, In-Built Heater)","₹30,490",-,"FREE delivery as soon as Thu, 18 Apr, 7 am - 3 pm",Available,https://www.amazon.in/Bosch-Inverter-Control-Automatic-Loading/dp/B08SR372S7/ref=sr_1_24?dib=eyJ2IjoiMSJ9.Z_B7RgEZbME9-ddSMS6drkx1txAl_HdB-RXS6YRgJFwTzsU22YgqTQ7PAZl3PtWdNhI3rNM-6wBliUuL1lz8Tfi-7m0vqGcyD8FD6LbJ8Zd4ssovwNs6ok-UfuZzJppUsmaRoiX8lmUXU6Cphoro3rpfulB2Kx4zubQfnI3qxqIFktyZ1lyYf2Ya-GVMZiip.WfacmmMaxYfQlTseJiUDeNiD_9-OTSLJiCpWLJaSOzQ&dib_tag=se&keywords=washing+machine+fully+automatic&qid=1713266947&sr=8-24
IFB,"IFB 7.0 Kg 5 Star Fully Automatic Top Load Washing Machine Aqua Conserve (TL-RES 7.0KG AQUA, Light Grey, Hard Water Wash, 4 Years Comprehensive Warranty)","₹19,650",-,"FREE delivery as soon as Thu, 18 Apr, 7 am - 3 pm",Available,https://www.amazon.in/IFB-TL-RES-7-0KG-AQUA-Comprehensive/dp/B097K6XBG2/ref=sr_1_25?dib=eyJ2IjoiMSJ9.Z_B7RgEZbME9-ddSMS6drkx1txAl_HdB-RXS6YRgJFwTzsU22YgqTQ7PAZl3PtWdNhI3rNM-6wBliUuL1lz8Tfi-7m0vqGcyD8FD6LbJ8Zd4ssovwNs6ok-UfuZzJppUsmaRoiX8lmUXU6Cphoro3rpfulB2Kx4zubQfnI3qxqIFktyZ1lyYf2Ya-GVMZiip.WfacmmMaxYfQlTseJiUDeNiD_9-OTSLJiCpWLJaSOzQ&dib_tag=se&keywords=washing+machine+fully+automatic&qid=1713266947&sr=8-25
Samsung,"Samsung 8 kg, 5 Star, Digital Inverter, Motor, Fully-Automatic Front Load Washing Machine (WW80T4040CE1TL, Hygiene Steam, White, Awarded as Washing Machine Brand of the year)","₹32,490",-,"FREE delivery as soon as Thu, 18 Apr, 7 am - 3 pm",Available,https://www.amazon.in/Samsung-Inverter-Hygiene-Fully-Automatic-WW80T4040CE1TL/dp/B09KGW3NWL/ref=sr_1_26?dib=eyJ2IjoiMSJ9.Z_B7RgEZbME9-ddSMS6drkx1txAl_HdB-RXS6YRgJFwTzsU22YgqTQ7PAZl3PtWdNhI3rNM-6wBliUuL1lz8Tfi-7m0vqGcyD8FD6LbJ8Zd4ssovwNs6ok-UfuZzJppUsmaRoiX8lmUXU6Cphoro3rpfulB2Kx4zubQfnI3qxqIFktyZ1lyYf2Ya-GVMZiip.WfacmmMaxYfQlTseJiUDeNiD_9-OTSLJiCpWLJaSOzQ&dib_tag=se&keywords=washing+machine+fully+automatic&qid=1713266947&sr=8-26
Whirlpool,Whirlpool 8 Kg 5 Star Stainwash Royal Plus Fully Automatic Top Load Washing Machine (SW ROYAL PLUS H 8 KG GREY 10YMW with In-Built Heater),"₹19,290",-,"FREE delivery as soon as Thu, 18 Apr, 7 am - 3 pm",Available,https://www.amazon.in/Whirlpool-Stainwash-SW-ROYAL-PLUS/dp/B0CMZHRF3M/ref=sr_1_27?dib=eyJ2IjoiMSJ9.Z_B7RgEZbME9-ddSMS6drkx1txAl_HdB-RXS6YRgJFwTzsU22YgqTQ7PAZl3PtWdNhI3rNM-6wBliUuL1lz8Tfi-7m0vqGcyD8FD6LbJ8Zd4ssovwNs6ok-UfuZzJppUsmaRoiX8lmUXU6Cphoro3rpfulB2Kx4zubQfnI3qxqIFktyZ1lyYf2Ya-GVMZiip.WfacmmMaxYfQlTseJiUDeNiD_9-OTSLJiCpWLJaSOzQ&dib_tag=se&keywords=washing+machine+fully+automatic&qid=1713266947&sr=8-27
Samsung,"Samsung 7 kg, 5 star, Hygiene Steam with Inbuilt Heater, Digital Inverter, Fully-Automatic Front Load Washing Machine (WW70R20GLSS/TL, DA SILVER, Awarded as Washing Machine Brand of the year)","₹29,990",-,"FREE delivery
Only 2 left in stock.",Available,https://www.amazon.in/Samsung-Inverter-Fully-Automatic-WW70R20GLSS-TL/dp/B0CNRPZK92/ref=sr_1_28?dib=eyJ2IjoiMSJ9.Z_B7RgEZbME9-ddSMS6drkx1txAl_HdB-RXS6YRgJFwTzsU22YgqTQ7PAZl3PtWdNhI3rNM-6wBliUuL1lz8Tfi-7m0vqGcyD8FD6LbJ8Zd4ssovwNs6ok-UfuZzJppUsmaRoiX8lmUXU6Cphoro3rpfulB2Kx4zubQfnI3qxqIFktyZ1lyYf2Ya-GVMZiip.WfacmmMaxYfQlTseJiUDeNiD_9-OTSLJiCpWLJaSOzQ&dib_tag=se&keywords=washing+machine+fully+automatic&qid=1713266947&sr=8-28
Voltas,"Voltas Beko, A Tata Product 6.5 Kg Fully-Automatic Top Loading Washing Machine with Dual Waterfall (WTL6504UEA/DPBPOA, Dark Grey)","₹14,500",-,"FREE delivery as soon as Thu, 18 Apr, 7 am - 3 pm",Available,https://www.amazon.in/Voltas-Beko-Fully-Automatic-WTL6504UEA-DPBPOA/dp/B0CDG54327/ref=sr_1_29?dib=eyJ2IjoiMSJ9.Z_B7RgEZbME9-ddSMS6drkx1txAl_HdB-RXS6YRgJFwTzsU22YgqTQ7PAZl3PtWdNhI3rNM-6wBliUuL1lz8Tfi-7m0vqGcyD8FD6LbJ8Zd4ssovwNs6ok-UfuZzJppUsmaRoiX8lmUXU6Cphoro3rpfulB2Kx4zubQfnI3qxqIFktyZ1lyYf2Ya-GVMZiip.WfacmmMaxYfQlTseJiUDeNiD_9-OTSLJiCpWLJaSOzQ&dib_tag=se&keywords=washing+machine+fully+automatic&qid=1713266947&sr=8-29
Whirlpool,Whirlpool 9 Kg 5 Star BloomWash Royal Plus Fully Automatic Top Load Washing Machine (BW ROYAL PLUS H 9 KG GREY 10YMW with In-Built Heater),"₹23,340",-,"FREE delivery as soon as Thu, 18 Apr, 7 am - 3 pm",Available,https://www.amazon.in/Whirlpool-BloomWash-BW-ROYAL-PLUS/dp/B0CMZHKF8W/ref=sr_1_30?dib=eyJ2IjoiMSJ9.Z_B7RgEZbME9-ddSMS6drkx1txAl_HdB-RXS6YRgJFwTzsU22YgqTQ7PAZl3PtWdNhI3rNM-6wBliUuL1lz8Tfi-7m0vqGcyD8FD6LbJ8Zd4ssovwNs6ok-UfuZzJppUsmaRoiX8lmUXU6Cphoro3rpfulB2Kx4zubQfnI3qxqIFktyZ1lyYf2Ya-GVMZiip.WfacmmMaxYfQlTseJiUDeNiD_9-OTSLJiCpWLJaSOzQ&dib_tag=se&keywords=washing+machine+fully+automatic&qid=1713266947&sr=8-30
Haier,"Haier 8 Kg 5 Star Inverter Motor Fully Automatic Front Load Washing Machine Appliance (HW80-IM12929C, 525 Super Drum, Puri Steam, 2023 Model, White)","₹31,990",-,"FREE delivery as soon as Thu, 18 Apr, 7 am - 3 pm",Available,https://www.amazon.in/Haier-Automatic-Washing-Inverter-HW80-IM12929C/dp/B09QT66RXS/ref=sr_1_31?dib=eyJ2IjoiMSJ9.Z_B7RgEZbME9-ddSMS6drkx1txAl_HdB-RXS6YRgJFwTzsU22YgqTQ7PAZl3PtWdNhI3rNM-6wBliUuL1lz8Tfi-7m0vqGcyD8FD6LbJ8Zd4ssovwNs6ok-UfuZzJppUsmaRoiX8lmUXU6Cphoro3rpfulB2Kx4zubQfnI3qxqIFktyZ1lyYf2Ya-GVMZiip.WfacmmMaxYfQlTseJiUDeNiD_9-OTSLJiCpWLJaSOzQ&dib_tag=se&keywords=washing+machine+fully+automatic&qid=1713266947&sr=8-31
Haier,"Haier 7 Kg 5 Star Fully Automatic Top Load Washing Machine (HWM70-AE, Oceanus Wave Drum, 2023 Model, Moon Light Grey)","₹14,690",-,"FREE delivery as soon as Thu, 18 Apr, 7 am - 3 pm",Available,https://www.amazon.in/sspa/click?ie=UTF8&spc=MTo2NzUyODI2OTgxNTk5MTA2OjE3MTMyNjY5NDg6c3BfYnRmOjMwMDEyODM1Mjk5NDQzMjo6MDo6&url=%2FHaier-Automatic-Washing-HWM70-AE-Moonlight%2Fdp%2FB08ZJHJ5DJ%2Fref%3Dsr_1_32_sspa%3Fdib%3DeyJ2IjoiMSJ9.Z_B7RgEZbME9-ddSMS6drkx1txAl_HdB-RXS6YRgJFwTzsU22YgqTQ7PAZl3PtWdNhI3rNM-6wBliUuL1lz8Tfi-7m0vqGcyD8FD6LbJ8Zd4ssovwNs6ok-UfuZzJppUsmaRoiX8lmUXU6Cphoro3rpfulB2Kx4zubQfnI3qxqIFktyZ1lyYf2Ya-GVMZiip.WfacmmMaxYfQlTseJiUDeNiD_9-OTSLJiCpWLJaSOzQ%26dib_tag%3Dse%26keywords%3Dwashing%2Bmachine%2Bfully%2Bautomatic%26qid%3D1713266947%26sr%3D8-32-spons%26sp_csd%3Dd2lkZ2V0TmFtZT1zcF9idGY%26psc%3D1
Panasonic,"Panasonic 6 Kg 5 Star Fully-Automatic Top Load Washing Machine ( NA-F60LF1HRB, Grey, Durable Metal Body, 8 Wash Program, Aquabeat wash technology, One touch smart wash, 2022 model)","₹13,790",-,"FREE delivery by Thu, 18 Apr, 7:00 am - 3:00 pm",Available,https://www.amazon.in/sspa/click?ie=UTF8&spc=MTo2NzUyODI2OTgxNTk5MTA2OjE3MTMyNjY5NDg6c3BfYnRmOjIwMTAxODAzNTg2NDk4OjowOjo&url=%2FPanasonic-Fully-Automatic-Loading-Washing-NA-F60LF1HRB%2Fdp%2FB08B9756FB%2Fref%3Dsr_1_33_sspa%3Fdib%3DeyJ2IjoiMSJ9.Z_B7RgEZbME9-ddSMS6drkx1txAl_HdB-RXS6YRgJFwTzsU22YgqTQ7PAZl3PtWdNhI3rNM-6wBliUuL1lz8Tfi-7m0vqGcyD8FD6LbJ8Zd4ssovwNs6ok-UfuZzJppUsmaRoiX8lmUXU6Cphoro3rpfulB2Kx4zubQfnI3qxqIFktyZ1lyYf2Ya-GVMZiip.WfacmmMaxYfQlTseJiUDeNiD_9-OTSLJiCpWLJaSOzQ%26dib_tag%3Dse%26keywords%3Dwashing%2Bmachine%2Bfully%2Bautomatic%26qid%3D1713266947%26sr%3D8-33-spons%26sp_csd%3Dd2lkZ2V0TmFtZT1zcF9idGY%26psc%3D1
Whirlpool,Whirlpool 7.5 Kg 5 Star StainWash Royal Plus Fully Automatic Top Load Washing Machine (SW ROYAL PLUS 7.5 (H) GREY 10YMW with In-Built Heater),"₹18,240",-,"FREE delivery as soon as Thu, 18 Apr, 7 am - 3 pm",Available,https://aax-eu.amazon.in/x/c/RF-t5PZPDTw-9WNZpayqrs8AAAGO5qr68wMAAAH2AQBvbm9fdHhuX2JpZDEgICBvbm9fdHhuX2ltcDEgICB_2LVG/https://www.amazon.in/Whirlpool-7-5-SW-ROYAL-PLUS/dp/B0CMZKV2H1/ref=sxbs_sbv_search_btf?content-id=amzn1.sym.b8850c25-1899-4ec1-b48d-2d7f1e0c24d3%3Aamzn1.sym.b8850c25-1899-4ec1-b48d-2d7f1e0c24d3&cv_ct_cx=washing+machine+fully+automatic&dib=eyJ2IjoiMSJ9.hjLeHmXPC-mp_sIyBKeBvQ.HdhNoWWd3n0oJJHlTOa6ItJF-QlWHcy75MyK3S7AvNg&dib_tag=se&keywords=washing+machine+fully+automatic&pd_rd_i=B0CMZKV2H1&pd_rd_r=08b434b4-0523-4ac2-9f1f-cd50d8a153d6&pd_rd_w=aPorP&pd_rd_wg=pdqQG&pf_rd_p=b8850c25-1899-4ec1-b48d-2d7f1e0c24d3&pf_rd_r=HRMJPT87K2CR9CN74G27&qid=1713266947&sbo=RZvfv%2F%2FHxDF%2BO5021pAnSA%3D%3D&sr=1-17-ad43fbe4-6f9c-4603-ab45-acb189caa93f
LG,"LG 7 Kg 5 Star Inverter TurboDrum Fully Automatic Top Loading Washing Machine (T70SKSF1Z, Waterfall Circulation, Smart Motion, Middle Free Silver)","₹17,490",-,"FREE delivery as soon as Thu, 18 Apr, 7 am - 3 pm",Available,https://www.amazon.in/sspa/click?ie=UTF8&spc=MTo2OTE3ODMzMzM3MTY4MTA2OjE3MTMyNjY5NTM6c3BfYXRmX25leHQ6MjAxMjY4ODg4MzczOTg6OjA6Og&url=%2FLG-Inverter-Fully-Automatic-Loading-T70SKSF1Z%2Fdp%2FB08DF1Y7T7%2Fref%3Dsr_1_33_sspa%3Fdib%3DeyJ2IjoiMSJ9.hxPQXfYCUOdxyfBsV8yqST0vx9zAJErqxjdvpKAeD3_GjHj071QN20LucGBJIEps.6hScDCJPEncNFKVt4xJhVwzI7MPEzGzh9aQzUzxpxyg%26dib_tag%3Dse%26keywords%3Dwashing%2Bmachine%2Bfully%2Bautomatic%26qid%3D1713266953%26sr%3D8-33-spons%26sp_csd%3Dd2lkZ2V0TmFtZT1zcF9hdGZfbmV4dA%26psc%3D1
LG,"LG 8 Kg 5 Star Inverter Direct Drive Touch Panel Fully Automatic Front Load Washing Machine (FHM1408BDM, Steam for Hygiene, In-Built Heater, 6 Motion DD, Middle Black)","₹34,990",-,"FREE delivery as soon as Thu, 18 Apr, 7 am - 3 pm",Available,https://www.amazon.in/sspa/click?ie=UTF8&spc=MTo2OTE3ODMzMzM3MTY4MTA2OjE3MTMyNjY5NTM6c3BfYXRmX25leHQ6MjAxMjY4ODg4Mzc1OTg6OjA6Og&url=%2FLG-Inverter-Fully-Automatic-Washing-FHM1408BDM%2Fdp%2FB0BMGGWGHV%2Fref%3Dsr_1_34_sspa%3Fdib%3DeyJ2IjoiMSJ9.hxPQXfYCUOdxyfBsV8yqST0vx9zAJErqxjdvpKAeD3_GjHj071QN20LucGBJIEps.6hScDCJPEncNFKVt4xJhVwzI7MPEzGzh9aQzUzxpxyg%26dib_tag%3Dse%26keywords%3Dwashing%2Bmachine%2Bfully%2Bautomatic%26qid%3D1713266953%26sr%3D8-34-spons%26sp_csd%3Dd2lkZ2V0TmFtZT1zcF9hdGZfbmV4dA%26psc%3D1
LG,"LG 9 Kg 5 Star Wi-Fi Inverter AI Direct Drive Fully-Automatic Front Load Washing Machine with In-Built Heater (FHP1209Z5M, 6 Motion DD & Steam for Hygiene Wash, Middle Black)","₹41,990",-,"FREE delivery as soon as Thu, 18 Apr, 7 am - 3 pm",Available,https://www.amazon.in/LG-Inverter-Fully-Automatic-Washing-FHP1209Z5M/dp/B0C3LHV43S/ref=sr_1_35?dib=eyJ2IjoiMSJ9.hxPQXfYCUOdxyfBsV8yqST0vx9zAJErqxjdvpKAeD3_GjHj071QN20LucGBJIEps.6hScDCJPEncNFKVt4xJhVwzI7MPEzGzh9aQzUzxpxyg&dib_tag=se&keywords=washing+machine+fully+automatic&qid=1713266953&sr=8-35
Samsung,"Samsung 8 kg, 5 star, Eco Bubble Technology, AI Control, Wi-Fi, Fully-Automatic Front Load Washing Machine (WW80T504DAX1TL, Hygiene Steam, Inox, Awarded as Washing Machine Brand of the year)","₹37,690",-,"FREE delivery as soon as Thu, 18 Apr, 7 am - 3 pm
Only 1 left in stock.",Available,https://www.amazon.in/Samsung-Technology-Control-Fully-Automatic-WW80T504DAX1TL/dp/B0CPJG92ZS/ref=sr_1_36?dib=eyJ2IjoiMSJ9.hxPQXfYCUOdxyfBsV8yqST0vx9zAJErqxjdvpKAeD3_GjHj071QN20LucGBJIEps.6hScDCJPEncNFKVt4xJhVwzI7MPEzGzh9aQzUzxpxyg&dib_tag=se&keywords=washing+machine+fully+automatic&qid=1713266953&sr=8-36
IFB,"IFB 8.0 Kg Fully-Automatic Top Loading Washing Machine (TL-R3SG 8.0 KG Aqua, Sparkle Grey, Hard Water Wash, 4 Years Comprehensive Warranty)","₹24,150",-,Currently unavailable.,Available,https://www.amazon.in/IFB-Fully-Automatic-TL-R3SG-Comprehensive-Warranty/dp/B0BPC4MR2H/ref=sr_1_37?dib=eyJ2IjoiMSJ9.hxPQXfYCUOdxyfBsV8yqST0vx9zAJErqxjdvpKAeD3_GjHj071QN20LucGBJIEps.6hScDCJPEncNFKVt4xJhVwzI7MPEzGzh9aQzUzxpxyg&dib_tag=se&keywords=washing+machine+fully+automatic&qid=1713266953&sr=8-37
Bosch,"Bosch 7 Kg 5 Star Fully-Automatic Front Loading Washing Machine (WAJ2416WIn, White, AI Active Water Plus, In-Built Heater)",N/A,-,"FREE delivery as soon as Thu, 18 Apr, 7 am - 3 pm",Not Available,https://www.amazon.in/Bosch-Inverter-Control-Automatic-WAJ2416WIN/dp/B08SR52BSM/ref=sr_1_33?dib=eyJ2IjoiMSJ9.xOPLl9Q2kXicmPpwAauo-f7Hgnkm2B8BQovCbQSY0yoj3WmASwNvM2AItlT1QXKXLfYx_CjTqXdofLcWcxFu4ZyxDmy5CBUcVRqPh_qaMHhs3ea98N507Fy9ul6rzT6GkOGqt48o4MCAwb2dD43dpT1jwaUhvQjrhDG-wmtBDKT_cst4o-KD2rLc7MbQo4HD.Y0JH92Vb0bHFvK7xz2yJfXVjhvw8QuZ3_gn7VCZ2t7I&dib_tag=se&keywords=washing+machine+fully+automatic&qid=1713266953&sr=8-33
IFB,"IFB 8 Kg 5 Star AI Powered Fully Automatic Front Load Washing Machine, 2X Power Steam (SENATOR NEO MXS 8012, 2023 Model, Mocha, In-built Heater, 4 years Comprehensive Warranty)","₹35,990",-,"FREE delivery as soon as Sat, 20 Apr, 7 am - 3 pm
Only 1 left in stock.",Available,https://www.amazon.in/IFB-SENATOR-NEO-MXS-8012/dp/B0C6XBWNZY/ref=sr_1_34?dib=eyJ2IjoiMSJ9.xOPLl9Q2kXicmPpwAauo-f7Hgnkm2B8BQovCbQSY0yoj3WmASwNvM2AItlT1QXKXLfYx_CjTqXdofLcWcxFu4ZyxDmy5CBUcVRqPh_qaMHhs3ea98N507Fy9ul6rzT6GkOGqt48o4MCAwb2dD43dpT1jwaUhvQjrhDG-wmtBDKT_cst4o-KD2rLc7MbQo4HD.Y0JH92Vb0bHFvK7xz2yJfXVjhvw8QuZ3_gn7VCZ2t7I&dib_tag=se&keywords=washing+machine+fully+automatic&qid=1713266953&sr=8-34
Samsung,"Samsung 8 Kg '5 star Ecobubble™ Wi-Fi Inverter Fully Automatic Top Load Washing Machine (WA80BG4582BDTL,Rose Brown), Bubble Storm technology","₹25,700",-,"FREE delivery as soon as Thu, 18 Apr, 7 am - 3 pm",Available,https://www.amazon.in/Samsung-EcobubbleTM-Automatic-WA80BG4582BDTL-technology/dp/B0BGL59LZP/ref=sr_1_35?dib=eyJ2IjoiMSJ9.xOPLl9Q2kXicmPpwAauo-f7Hgnkm2B8BQovCbQSY0yoj3WmASwNvM2AItlT1QXKXLfYx_CjTqXdofLcWcxFu4ZyxDmy5CBUcVRqPh_qaMHhs3ea98N507Fy9ul6rzT6GkOGqt48o4MCAwb2dD43dpT1jwaUhvQjrhDG-wmtBDKT_cst4o-KD2rLc7MbQo4HD.Y0JH92Vb0bHFvK7xz2yJfXVjhvw8QuZ3_gn7VCZ2t7I&dib_tag=se&keywords=washing+machine+fully+automatic&qid=1713266953&sr=8-35
IFB,"IFB 8 Kg 5 Star AI Powered Fully Automatic Front Load Washing Machine, 2X Power Steam (SENATOR NEO SXS 8012, 2023 Model, Silver, In-built Heater, 4 years Comprehensive Warranty","₹33,990",-,"FREE delivery as soon as Thu, 18 Apr, 7 am - 3 pm",Available,https://www.amazon.in/IFB-SENATOR-NEO-SXS-8012/dp/B0BPC6PLJL/ref=sr_1_36?dib=eyJ2IjoiMSJ9.xOPLl9Q2kXicmPpwAauo-f7Hgnkm2B8BQovCbQSY0yoj3WmASwNvM2AItlT1QXKXLfYx_CjTqXdofLcWcxFu4ZyxDmy5CBUcVRqPh_qaMHhs3ea98N507Fy9ul6rzT6GkOGqt48o4MCAwb2dD43dpT1jwaUhvQjrhDG-wmtBDKT_cst4o-KD2rLc7MbQo4HD.Y0JH92Vb0bHFvK7xz2yJfXVjhvw8QuZ3_gn7VCZ2t7I&dib_tag=se&keywords=washing+machine+fully+automatic&qid=1713266953&sr=8-36
Voltas,"Voltas Beko, A Tata Product 6.5 Kg 5 Star Fully Automatic Front Loading Washing Machine (2023 Model, WFL6512B7CUSKA/WXV, White, In-Built Heater)","₹21,990",-,"FREE delivery as soon as Thu, 18 Apr, 7 am - 3 pm",Available,https://www.amazon.in/Voltas-Beko-Automatic-WFL6512B7CUSKA-WXV/dp/B0CKZJVMFG/ref=sr_1_37?dib=eyJ2IjoiMSJ9.xOPLl9Q2kXicmPpwAauo-f7Hgnkm2B8BQovCbQSY0yoj3WmASwNvM2AItlT1QXKXLfYx_CjTqXdofLcWcxFu4ZyxDmy5CBUcVRqPh_qaMHhs3ea98N507Fy9ul6rzT6GkOGqt48o4MCAwb2dD43dpT1jwaUhvQjrhDG-wmtBDKT_cst4o-KD2rLc7MbQo4HD.Y0JH92Vb0bHFvK7xz2yJfXVjhvw8QuZ3_gn7VCZ2t7I&dib_tag=se&keywords=washing+machine+fully+automatic&qid=1713266953&sr=8-37
Whirlpool,Whirlpool 7.5 Kg 5 Star StainWash Royal Plus Fully Automatic Top Load Washing Machine (SW ROYAL PLUS 7.5 (H) GREY 10YMW with In-Built Heater),"₹18,240",-,"FREE delivery as soon as Thu, 18 Apr, 7 am - 3 pm",Available,https://www.amazon.in/sspa/click?ie=UTF8&spc=MTo2OTE3ODMzMzM3MTY4MTA2OjE3MTMyNjY5NTM6c3BfbXRmOjMwMDEyNTc4MzA4MzMzMjo6MDo6&url=%2FWhirlpool-7-5-SW-ROYAL-PLUS%2Fdp%2FB0CMZKV2H1%2Fref%3Dsr_1_38_sspa%3Fdib%3DeyJ2IjoiMSJ9.xOPLl9Q2kXicmPpwAauo-f7Hgnkm2B8BQovCbQSY0yoj3WmASwNvM2AItlT1QXKXLfYx_CjTqXdofLcWcxFu4ZyxDmy5CBUcVRqPh_qaMHhs3ea98N507Fy9ul6rzT6GkOGqt48o4MCAwb2dD43dpT1jwaUhvQjrhDG-wmtBDKT_cst4o-KD2rLc7MbQo4HD.Y0JH92Vb0bHFvK7xz2yJfXVjhvw8QuZ3_gn7VCZ2t7I%26dib_tag%3Dse%26keywords%3Dwashing%2Bmachine%2Bfully%2Bautomatic%26qid%3D1713266953%26sr%3D8-38-spons%26sp_csd%3Dd2lkZ2V0TmFtZT1zcF9tdGY%26psc%3D1
IFB,"IFB 7 Kg 5 Star AI Powered Fully Automatic Front Load Washing Machine 2X Power Steam (DIVA AQUA MXS 7010, 2023 Model, Mocha, In-built Heater, 4 years Comprehensive Warranty)","₹27,990",-,"FREE delivery as soon as Thu, 18 Apr, 7 am - 3 pm",Available,https://www.amazon.in/sspa/click?ie=UTF8&spc=MTo2OTE3ODMzMzM3MTY4MTA2OjE3MTMyNjY5NTM6c3BfbXRmOjMwMDAxNDUyMjk2MDczMjo6MDo6&url=%2FIFB-DIVA-AQUA-MXS-7010%2Fdp%2FB0C8TX869X%2Fref%3Dsr_1_39_sspa%3Fdib%3DeyJ2IjoiMSJ9.xOPLl9Q2kXicmPpwAauo-f7Hgnkm2B8BQovCbQSY0yoj3WmASwNvM2AItlT1QXKXLfYx_CjTqXdofLcWcxFu4ZyxDmy5CBUcVRqPh_qaMHhs3ea98N507Fy9ul6rzT6GkOGqt48o4MCAwb2dD43dpT1jwaUhvQjrhDG-wmtBDKT_cst4o-KD2rLc7MbQo4HD.Y0JH92Vb0bHFvK7xz2yJfXVjhvw8QuZ3_gn7VCZ2t7I%26dib_tag%3Dse%26keywords%3Dwashing%2Bmachine%2Bfully%2Bautomatic%26qid%3D1713266953%26sr%3D8-39-spons%26sp_csd%3Dd2lkZ2V0TmFtZT1zcF9tdGY%26psc%3D1
NU,"NU 6.5 Kg Fully Automatic Top Load Washing Machine with Soft Close Premium Toughened Glass Lid (WTL65PPG0, Inox Grey)","₹12,490",-,"FREE delivery Sat, 20 Apr
Only 2 left in stock.",Available,https://www.amazon.in/NU-Automatic-Washing-Toughened-WTL65PPG0/dp/B0BQ7BYN7P/ref=sr_1_40?dib=eyJ2IjoiMSJ9.xOPLl9Q2kXicmPpwAauo-f7Hgnkm2B8BQovCbQSY0yoj3WmASwNvM2AItlT1QXKXLfYx_CjTqXdofLcWcxFu4ZyxDmy5CBUcVRqPh_qaMHhs3ea98N507Fy9ul6rzT6GkOGqt48o4MCAwb2dD43dpT1jwaUhvQjrhDG-wmtBDKT_cst4o-KD2rLc7MbQo4HD.Y0JH92Vb0bHFvK7xz2yJfXVjhvw8QuZ3_gn7VCZ2t7I&dib_tag=se&keywords=washing+machine+fully+automatic&qid=1713266953&sr=8-40
Voltas,Voltas Beko 6.0 kg Fully Automatic Top Loading Washing Machine (Grey) WTL60UPG,"₹16,890",-,"FREE delivery Tomorrow, 17 Apr",Available,https://www.amazon.in/Voltas-Beko-Automatic-Loading-WTL60UPG/dp/B08NF2WMKN/ref=sr_1_41_mod_primary_new?dib=eyJ2IjoiMSJ9.xOPLl9Q2kXicmPpwAauo-f7Hgnkm2B8BQovCbQSY0yoj3WmASwNvM2AItlT1QXKXLfYx_CjTqXdofLcWcxFu4ZyxDmy5CBUcVRqPh_qaMHhs3ea98N507Fy9ul6rzT6GkOGqt48o4MCAwb2dD43dpT1jwaUhvQjrhDG-wmtBDKT_cst4o-KD2rLc7MbQo4HD.Y0JH92Vb0bHFvK7xz2yJfXVjhvw8QuZ3_gn7VCZ2t7I&dib_tag=se&keywords=washing+machine+fully+automatic&qid=1713266953&sbo=RZvfv%2F%2FHxDF%2BO5021pAnSA%3D%3D&sr=8-41
Samsung,"Samsung 7 Kg Inverter Ecobubble 5 Star Fully Automatic Top Load Washing Machine (WA70BG4441BYTL,Lavender Gray)","₹17,900",-,"FREE delivery as soon as Thu, 18 Apr, 7 am - 3 pm",Available,https://www.amazon.in/Samsung-Inverter-Ecobubble-Automatic-WA70BG4441BYTL/dp/B0BG2T3CWQ/ref=sr_1_42?dib=eyJ2IjoiMSJ9.xOPLl9Q2kXicmPpwAauo-f7Hgnkm2B8BQovCbQSY0yoj3WmASwNvM2AItlT1QXKXLfYx_CjTqXdofLcWcxFu4ZyxDmy5CBUcVRqPh_qaMHhs3ea98N507Fy9ul6rzT6GkOGqt48o4MCAwb2dD43dpT1jwaUhvQjrhDG-wmtBDKT_cst4o-KD2rLc7MbQo4HD.Y0JH92Vb0bHFvK7xz2yJfXVjhvw8QuZ3_gn7VCZ2t7I&dib_tag=se&keywords=washing+machine+fully+automatic&qid=1713266953&sr=8-42
Haier,"Haier 7.5 Kg 5 Star In-built Heater Fully Automatic Top Load Washing Machine (HWM75-H826S6, Oceanus Wave Drum, 2023 Model, Starry Silver)","₹20,440",-,"FREE delivery Fri, 19 Apr
Or fastest delivery Thu, 18 Apr",Available,https://www.amazon.in/Haier-Automatic-Washing-Machine-HWM75-H826S6/dp/B0BCF7J6HK/ref=sr_1_43?dib=eyJ2IjoiMSJ9.xOPLl9Q2kXicmPpwAauo-f7Hgnkm2B8BQovCbQSY0yoj3WmASwNvM2AItlT1QXKXLfYx_CjTqXdofLcWcxFu4ZyxDmy5CBUcVRqPh_qaMHhs3ea98N507Fy9ul6rzT6GkOGqt48o4MCAwb2dD43dpT1jwaUhvQjrhDG-wmtBDKT_cst4o-KD2rLc7MbQo4HD.Y0JH92Vb0bHFvK7xz2yJfXVjhvw8QuZ3_gn7VCZ2t7I&dib_tag=se&keywords=washing+machine+fully+automatic&qid=1713266953&sr=8-43
Rivalwilla,Rivalwilla Washing-Machine-Portable-Mini-Foldable-Washer-and-Spin-Dryer-Small-Foldable-Bucket-Washer-for-Camping-RV-Travel-Small-Spaces-Lightweight-and-Easy-to-Carry,"₹1,999 ",-,"FREE delivery as soon as Thu, 18 Apr, 7 am - 3 pm",Available,https://www.amazon.in/Rivalwilla-Washing-Machine-Portable-Mini-Foldable-Washer-and-Spin-Dryer-Small-Foldable-Bucket-Washer-for-Camping-RV-Travel-Small-Spaces-Lightweight-and-Easy-to-Carry/dp/B0CWD9F915/ref=sr_1_44?dib=eyJ2IjoiMSJ9.xOPLl9Q2kXicmPpwAauo-f7Hgnkm2B8BQovCbQSY0yoj3WmASwNvM2AItlT1QXKXLfYx_CjTqXdofLcWcxFu4ZyxDmy5CBUcVRqPh_qaMHhs3ea98N507Fy9ul6rzT6GkOGqt48o4MCAwb2dD43dpT1jwaUhvQjrhDG-wmtBDKT_cst4o-KD2rLc7MbQo4HD.Y0JH92Vb0bHFvK7xz2yJfXVjhvw8QuZ3_gn7VCZ2t7I&dib_tag=se&keywords=washing+machine+fully+automatic&qid=1713266953&sr=8-44
Samsung,"Samsung 7 kg, 5 Star, AI Control, Wi-Fi, Digital Inverter, Motor, Fully-Automatic Front Load Washing Machine (WW70T502NAN1TL, Hygiene Steam, Inox, Awarded as Washing Machine Brand of the year)","₹32,490",-,"FREE delivery Tomorrow, 17 Apr",Available,https://www.amazon.in/Samsung-Control-Fully-Automatic-WW70T502NAN1TL-Inverter/dp/B09KGYCR7Z/ref=sr_1_45?dib=eyJ2IjoiMSJ9.xOPLl9Q2kXicmPpwAauo-f7Hgnkm2B8BQovCbQSY0yoj3WmASwNvM2AItlT1QXKXLfYx_CjTqXdofLcWcxFu4ZyxDmy5CBUcVRqPh_qaMHhs3ea98N507Fy9ul6rzT6GkOGqt48o4MCAwb2dD43dpT1jwaUhvQjrhDG-wmtBDKT_cst4o-KD2rLc7MbQo4HD.Y0JH92Vb0bHFvK7xz2yJfXVjhvw8QuZ3_gn7VCZ2t7I&dib_tag=se&keywords=washing+machine+fully+automatic&qid=1713266953&sr=8-45
Samsung,"Samsung 7 Kg 5 Star Inverter Fully Automatic Top Loading Washing Machine (WA70BG4545BDTL Versailles Gray, Ecobubble)","₹20,690",-,"FREE delivery Fri, 19 Apr
Or fastest delivery Thu, 18 Apr",Available,https://www.amazon.in/Samsung-Automatic-Washing-Wa70Bg4545Bdtl-Versailles/dp/B0BGL7LKYB/ref=sr_1_46?dib=eyJ2IjoiMSJ9.xOPLl9Q2kXicmPpwAauo-f7Hgnkm2B8BQovCbQSY0yoj3WmASwNvM2AItlT1QXKXLfYx_CjTqXdofLcWcxFu4ZyxDmy5CBUcVRqPh_qaMHhs3ea98N507Fy9ul6rzT6GkOGqt48o4MCAwb2dD43dpT1jwaUhvQjrhDG-wmtBDKT_cst4o-KD2rLc7MbQo4HD.Y0JH92Vb0bHFvK7xz2yJfXVjhvw8QuZ3_gn7VCZ2t7I&dib_tag=se&keywords=washing+machine+fully+automatic&qid=1713266953&sr=8-46
AGAGIC,AGAGIC Washing-Machine-Portable-Mini-Foldable-Washer-and-Spin-Dryer-Small-Foldable-Bucket-Washer-for-Camping-RV-Travel-Small-Spaces-Lightweight-and-Easy-to-Carry (0.8 KG),"₹1,799 ",-,"FREE delivery as soon as Thu, 18 Apr, 7 am - 3 pm",Available,https://www.amazon.in/AGEGIC-08897-AGAGIC-Washing-Machine-Portable-Mini-Foldable-Washer-and-Spin-Dryer-Small-Foldable-Bucket-Washer-for-Camping-RV-Travel-Small-Spaces-Lightweight-and-Easy-to-Carry-0-8/dp/B0CWR421Q5/ref=sr_1_47?dib=eyJ2IjoiMSJ9.xOPLl9Q2kXicmPpwAauo-f7Hgnkm2B8BQovCbQSY0yoj3WmASwNvM2AItlT1QXKXLfYx_CjTqXdofLcWcxFu4ZyxDmy5CBUcVRqPh_qaMHhs3ea98N507Fy9ul6rzT6GkOGqt48o4MCAwb2dD43dpT1jwaUhvQjrhDG-wmtBDKT_cst4o-KD2rLc7MbQo4HD.Y0JH92Vb0bHFvK7xz2yJfXVjhvw8QuZ3_gn7VCZ2t7I&dib_tag=se&keywords=washing+machine+fully+automatic&qid=1713266953&sr=8-47
Haier,"Haier 6 Kg Fully Automatic Washing Machine Appliance with Oceanus Wave Drum, Magic Filter, Balance clean Pulsator, 8 Wash Program (HWM60-AE, Titanium)","₹12,690",-,"FREE delivery as soon as Fri, 19 Apr, 7 am - 3 pm",Available,https://www.amazon.in/sspa/click?ie=UTF8&spc=MTo2OTE3ODMzMzM3MTY4MTA2OjE3MTMyNjY5NTM6c3BfYnRmOjMwMDExOTA4Mjc2ODkzMjo6MDo6&url=%2FHaier-Automatic-Pulsator-HWM60-AE-Titanium%2Fdp%2FB0CC8P3J3L%2Fref%3Dsr_1_48_sspa%3Fdib%3DeyJ2IjoiMSJ9.xOPLl9Q2kXicmPpwAauo-f7Hgnkm2B8BQovCbQSY0yoj3WmASwNvM2AItlT1QXKXLfYx_CjTqXdofLcWcxFu4ZyxDmy5CBUcVRqPh_qaMHhs3ea98N507Fy9ul6rzT6GkOGqt48o4MCAwb2dD43dpT1jwaUhvQjrhDG-wmtBDKT_cst4o-KD2rLc7MbQo4HD.Y0JH92Vb0bHFvK7xz2yJfXVjhvw8QuZ3_gn7VCZ2t7I%26dib_tag%3Dse%26keywords%3Dwashing%2Bmachine%2Bfully%2Bautomatic%26qid%3D1713266953%26sr%3D8-48-spons%26sp_csd%3Dd2lkZ2V0TmFtZT1zcF9idGY%26psc%3D1
Samsung,"Samsung 7 kg, Eco Bubble Techn, Digital Inverter Motor, Soft Closing Door, Fully-Automatic Top Load Washing Machine (WA70BG4441YYTL, Lavender Gray, Awarded as Washing Machine Brand of the year)","₹17,990",-,"FREE delivery by Thu, 18 Apr, 7:00 am - 3:00 pm",Available,https://www.amazon.in/sspa/click?ie=UTF8&spc=MTo2OTE3ODMzMzM3MTY4MTA2OjE3MTMyNjY5NTM6c3BfYnRmOjMwMDE0MTQ5NTcwNTAzMjo6MDo6&url=%2FSamsung-Inverter-Fully-Automatic-WA70BG4441YYTL-Technology%2Fdp%2FB0B8NHX62W%2Fref%3Dsr_1_49_sspa%3Fdib%3DeyJ2IjoiMSJ9.xOPLl9Q2kXicmPpwAauo-f7Hgnkm2B8BQovCbQSY0yoj3WmASwNvM2AItlT1QXKXLfYx_CjTqXdofLcWcxFu4ZyxDmy5CBUcVRqPh_qaMHhs3ea98N507Fy9ul6rzT6GkOGqt48o4MCAwb2dD43dpT1jwaUhvQjrhDG-wmtBDKT_cst4o-KD2rLc7MbQo4HD.Y0JH92Vb0bHFvK7xz2yJfXVjhvw8QuZ3_gn7VCZ2t7I%26dib_tag%3Dse%26keywords%3Dwashing%2Bmachine%2Bfully%2Bautomatic%26qid%3D1713266953%26sr%3D8-49-spons%26sp_csd%3Dd2lkZ2V0TmFtZT1zcF9idGY%26psc%3D1
SHARP,"SHARP 7.5 kg Fully Automatic Top Load Washing Machine with Toughened Glass (EST75NGY/2023, Inox Grey, Hot & Cold Water Dual Inlet, Add Laundry)","₹17,990",-,-,Available,https://aax-eu.amazon.in/x/c/RDv3tp5j8qUB0pNI-PN28sUAAAGO5qsRMAMAAAH2AQBvbm9fdHhuX2JpZDEgICBvbm9fdHhuX2ltcDEgICBwOWoB/https://www.amazon.in/SHARP-Automatic-Washing-Machine-EST75NGY/dp/B0BW8ZPSS1/ref=sxbs_sbv_search_btf?content-id=amzn1.sym.b8850c25-1899-4ec1-b48d-2d7f1e0c24d3%3Aamzn1.sym.b8850c25-1899-4ec1-b48d-2d7f1e0c24d3&cv_ct_cx=washing+machine+fully+automatic&dib=eyJ2IjoiMSJ9.vp4o_Z2DLtRNi5bEuY__HA.ww_pGyl8rLCCFg9SlZm2xQXX0UvzNH_31e75PPPuM0s&dib_tag=se&keywords=washing+machine+fully+automatic&pd_rd_i=B0BW8ZPSS1&pd_rd_r=2cb0c6bd-127f-40bd-8c1a-b8432a2a1d33&pd_rd_w=FqiY5&pd_rd_wg=lyJ8O&pf_rd_p=b8850c25-1899-4ec1-b48d-2d7f1e0c24d3&pf_rd_r=913AZXW8QMYA5PX1WTM0&qid=1713266953&sbo=RZvfv%2F%2FHxDF%2BO5021pAnSA%3D%3D&sr=1-33-ad43fbe4-6f9c-4603-ab45-acb189caa93f
